obs_date,mars_equities_portfolio,mars_bonds_portfolio,mars_commodities_portfolio,mars_inflation_portfolio
1/31/1954,-0.011242879,0.002736888,0.036514626,-0.002119107
2/28/1954,-0.016636664,0.008446084,0.030814775,-0.007430171
3/31/1954,0.011569606,0.006540148,0.035030005,-0.002995855
4/30/1954,0.002059793,-0.001690364,-0.064618149,-0.016327984
5/31/1954,-0.000467894,0.002484182,0.025929442,-0.002592368
6/30/1954,0.030810585,0.009627029,0.088898636,0.001142862
7/31/1954,0.008549553,-0.014783502,-0.03164205,-0.00090444
8/31/1954,0.047168392,0.001381875,-0.008908986,0.000806659
9/30/1954,0.010055212,0.001072238,0.054966385,0.001631069
10/31/1954,0.057636755,-0.000373973,0.004180691,0.000389361
11/30/1954,0.051762912,0.000245815,-0.01606851,-0.001229338
12/31/1954,0.026181413,-0.002663581,-0.002865969,-0.001777588
1/31/1955,0.019808108,1.64E-05,-0.05550613,-0.000636126
2/28/1955,0.011317585,0.002148865,-0.028037156,-0.010404996
3/31/1955,0.038798447,-0.002992086,-0.007649646,0.005126397
4/30/1955,-0.003973641,0.001172481,0.008946118,-0.004894147
5/31/1955,0.031757692,-0.000524182,-0.006675461,0.001026766
6/30/1955,0.040251312,-0.002350133,-0.031698024,-0.002556211
7/31/1955,-7.31E-05,-0.062227885,-0.010024023,0.008988465
8/31/1955,-0.000321442,0.013528679,0.061324353,0.001207771
9/30/1955,-0.03372668,0.014606189,-0.011044693,-0.00511392
10/31/1955,0.0217546,0.010805129,-0.024409342,-0.005429281
11/30/1955,0.003227034,-0.000772943,0.020119361,-0.002352081
12/31/1955,-0.032717277,-0.000729522,0.018091205,-0.000672166
1/31/1956,0.01512746,0.006115293,0.007451576,-0.002683269
2/29/1956,0.021068819,0.001890183,0.046221956,0.001816884
3/31/1956,0.017032164,-0.007199242,0.093344434,0.004742537
4/30/1956,-0.027374599,0.008397433,-0.042244341,-0.01357506
5/31/1956,0.016331309,0.005292197,-0.019811893,-0.001885981
6/30/1956,0.040663848,-0.004843655,-0.000829113,0.001323326
7/31/1956,-0.011811186,-0.011953637,-0.012287433,-0.000627584
8/31/1956,-0.013199421,-0.00643429,0.004702331,-0.004378826
9/30/1956,0.012510035,0.003133813,0.048941626,0.000843252
10/31/1956,-0.013677643,-0.009841016,0.018810328,-0.003204722
11/30/1956,0.035699926,-0.004862234,-0.047076908,-0.003209999
12/31/1956,-0.01306323,0.003588506,0.010822583,-0.008338362
1/31/1957,-0.008210813,-0.001051702,-0.025959307,-0.004625446
2/28/1957,0.007698775,-0.002223833,-0.012564115,-0.003647001
3/31/1957,0.029961902,-0.002245575,-0.013549659,0.003975942
4/30/1957,0.005704227,-0.017150783,-0.012790775,-0.001556877
5/31/1957,0.001092881,-0.012674564,0.01531572,0.002744658
6/30/1957,0.011213289,-0.014659426,0.006508269,-0.000136196
7/31/1957,-0.021687548,0.000903894,-0.001016285,-0.004469585
8/31/1957,-0.045209982,-0.001662635,-0.04235886,-0.006488202
9/30/1957,-0.038795853,-0.000541704,0.017819419,-0.001215425
10/31/1957,0.015696913,0.016159566,-0.000102848,-0.008402638
11/30/1957,-0.015934903,0.020406898,-0.037189151,-0.013021684
12/31/1957,0.022713386,0.015538735,-0.01632762,0.002661196
1/31/1958,-0.00711597,0.013058464,0.026761105,0.002513034
2/28/1958,-0.000258508,0.015289177,0.027047561,-0.01063479
3/31/1958,0.02117511,0.005127436,0.00580678,0.000911637
4/30/1958,0.011468478,0.002196541,0.015789163,0.002548917
5/31/1958,0.030767386,0.01142375,-0.002351038,-0.002896565
6/30/1958,0.024324103,-0.004871985,0.013664562,0.004596426
7/31/1958,0.018904511,-0.011403774,-0.016461737,-0.002753906
8/31/1958,0.030127164,-0.005881858,-0.021852763,-0.001445468
9/30/1958,0.016911867,0.003718101,-0.004253867,-0.000136244
10/31/1958,0.017728789,0.005933117,0.011370433,-0.003574851
11/30/1958,0.029805536,-0.004383685,-0.011293876,0.004188834
12/31/1958,0.019752087,-0.004479322,0.017896799,0.002050795
1/31/1959,0.005601303,0.005958902,0.023231325,-2.40E-05
2/28/1959,-0.002573208,-0.000348539,0.019360227,-0.002425521
3/31/1959,0.035275913,-0.006575252,-0.002547577,0.006155419
4/30/1959,0.014625486,-0.010546827,-0.010434455,-0.001313891
5/31/1959,0.011651053,0.000880443,0.010477931,-0.002216842
6/30/1959,0.050870451,0.001357403,0.010906958,0.003029945
7/31/1959,0.019763964,-0.00411205,-0.018396793,-0.005114343
8/31/1959,-0.023102277,-0.013675648,0.005238874,0.002926039
9/30/1959,0.016247504,0.005198125,0.01993715,-0.003288035
10/31/1959,0.021468956,-0.003444122,-0.008583824,-0.001972404
11/30/1959,0.014465319,-0.020695386,-0.000678899,0.006075282
12/31/1959,-0.026435208,0.004566607,-0.003671013,-0.000100307
1/31/1960,0.003020379,0.015894508,-0.013979086,-0.007422744
2/29/1960,-0.014320135,0.012800761,0.02435339,-0.002225799
3/31/1960,0.01536959,0.00045691,-0.003507756,0.004867238
4/30/1960,0.025209547,-0.007710656,0.003381209,-0.001191938
5/31/1960,0.037124999,0.006370278,-0.009106867,-0.00012547
6/30/1960,0.005655615,0.014951458,0.004089887,-0.003604218
7/31/1960,0.034115778,0.011083521,-0.004588657,-0.002472905
8/31/1960,-0.015623165,0.00258919,-0.004233076,0.001966025
9/30/1960,-0.014979387,9.37E-05,0.008192445,0.006246033
10/31/1960,0.00424115,0.000265331,-0.027136102,-0.005064182
11/30/1960,0.023190866,0.006269435,0.037538793,-0.001829816
12/31/1960,0.047466823,0.005739896,0.055330664,0.006703737
1/31/1961,0.028649829,0.005191799,0.065084659,-0.001425733
2/28/1961,0.01157768,0.003104531,-0.046537324,4.01E-05
3/31/1961,0.024658351,0.001879503,0.045275571,0.002840643
4/30/1961,0.024959239,0.005465555,-0.031247496,-0.005691927
5/31/1961,0.002030183,-0.015743527,-0.018859387,0.005900448
6/30/1961,-0.015561165,-0.021685957,-0.007598238,0.003135734
7/31/1961,-0.012918814,-0.002439779,-0.014661239,0.003292998
8/31/1961,-0.00797569,-0.003742384,-0.027069471,-0.000847022
9/30/1961,0.006965186,0.011848325,0.00202153,0.001447369
10/31/1961,0.038008028,-0.011052683,-0.00164282,0.000207222
11/30/1961,0.021219727,-0.014512861,-0.001070804,0.004393093
12/31/1961,-0.013488919,0.017299776,-0.019108617,-0.000202379
1/31/1962,0.019196562,0.021242877,-0.019219061,-0.006348967
2/28/1962,-0.011085975,-0.009270221,0.022455355,0.004154399
3/31/1962,-0.030895133,0.003107135,-0.005165972,-0.00507475
4/30/1962,-0.069181412,0.00211642,-0.010557086,-0.001554815
5/31/1962,-0.061668008,0.007652619,-0.011694955,-0.007729805
6/30/1962,0.024269623,0.008453897,-0.021970504,0.004545386
7/31/1962,0.011960401,0.02269044,-0.004911506,-0.004408343
8/31/1962,-0.038870835,0.009676918,-0.007899185,-0.003178477
9/30/1962,-0.02737029,0.003754382,0.027485316,0.00092533
10/31/1962,0.083026519,0.00581347,0.014218127,0.00174338
11/30/1962,0.006675279,0.013276461,0.015512067,0.000274735
12/31/1962,0.011412169,0.010149208,0.025560291,-9.83E-05
1/31/1963,-0.012932085,-0.005111813,0.001439141,0.003640305
2/28/1963,0.006022992,0.00727525,-0.015860743,-0.002684039
3/31/1963,0.030385096,0.009239097,-0.013090871,0.002240948
4/30/1963,0.008079006,0.000212982,0.000931889,0.000235799
5/31/1963,-0.01282396,-0.002506622,0.013873917,0.002861222
6/30/1963,-0.005064358,0.001906491,-0.022632032,-0.001925509
7/31/1963,0.035288672,0.00115423,0.000614026,0.002298341
8/31/1963,-0.007829351,0.001995818,0.056335728,0.003717229
9/30/1963,0.004587516,-0.007914777,0.017161083,0.006509534
10/31/1963,-0.00874867,0.001534216,-0.038496983,-0.002226537
11/30/1963,0.002968855,-0.00795015,0.010143299,0.003557359
12/31/1963,0.017024502,0.001483753,-0.022830857,0.003116728
1/31/1964,-0.002882371,-0.001368222,-0.021916872,-0.001178477
2/29/1964,-0.008925858,0.000861937,-0.021341714,-0.004870293
3/31/1964,-0.00140375,-0.000134946,-0.012649431,0.005650813
4/30/1964,-0.001856553,-0.002364138,-0.005610406,-0.000906236
5/31/1964,0.005690465,0.002259769,8.09E-05,0.002910514
6/30/1964,0.022888347,0.002170565,-0.005050234,0.004037558
7/31/1964,-0.006997244,0.000519809,0.033812468,0.002279902
8/31/1964,0.003072655,0.002768967,0.023911187,0.00308422
9/30/1964,-0.006082346,-0.000592026,0.010345134,0.005251369
10/31/1964,0.001191445,-0.000440585,0.029974885,0.001129973
11/30/1964,0.002247548,0.000185229,-0.01851428,0.001129384
12/31/1964,0.005463653,0.010618508,0.026603714,0.00383732
1/31/1965,-0.007769436,0.000531913,-0.009724277,0.000709375
2/28/1965,-0.033701263,0.006319464,0.003841907,-0.001747706
3/31/1965,0.020471058,-0.002463813,-0.003279718,0.005127528
4/30/1965,-0.014067989,-0.001756251,-0.012776423,-0.000147878
5/31/1965,-0.035109906,0.007400411,0.010440591,-0.004156273
6/30/1965,0.009786244,0.005680043,-0.004050576,0.004636593
7/31/1965,0.03406408,0.002136882,-0.000108487,0.003128731
8/31/1965,0.008090016,-0.001565836,0.000143183,0.006178759
9/30/1965,0.01180049,-0.00657605,0.012430591,0.004268239
10/31/1965,-0.005049848,-0.004622503,0.01855878,0.005610908
11/30/1965,0.008978328,-0.008429807,0.015382946,0.005620717
12/31/1965,0.01747621,-0.000293642,0.02774749,0.00393635
1/31/1966,-0.01098738,-0.015695065,-0.013746271,0.006298644
2/28/1966,-0.024987655,0.015090888,-0.023525906,-0.005773115
3/31/1966,0.007343191,-0.008197849,0.022973898,0.003279973
4/30/1966,-0.039776154,-0.000375036,0.003506938,-0.002260526
5/31/1966,-0.009498864,-0.005300712,0.046680559,0.004738402
6/30/1966,-0.010670222,-0.00135014,0.015096726,0.005476325
7/31/1966,-0.048144956,-0.014921753,-0.015654835,0.001111622
8/31/1966,-0.005834254,0.017462549,-0.033528767,-0.009932101
9/30/1966,0.011352178,0.012688323,-0.033367417,0.000901018
10/31/1966,-0.005293803,-0.006862243,0.018687599,0.001819232
11/30/1966,0.011599108,0.02704905,-0.019408021,-0.003038916
12/31/1966,0.030730393,0.008909056,-0.003349562,0.003398373
1/31/1967,0.006713581,-0.009666985,0.015994436,0.009416357
2/28/1967,0.006875231,0.012948482,0.009438141,0.003723726
3/31/1967,0.026808615,-0.011890044,0.004189546,0.009073011
4/30/1967,-0.021774665,-0.001219144,0.051629583,0.010160089
5/31/1967,0.012441911,-0.019871563,-0.055882006,-0.00240768
6/30/1967,0.029344083,0.005313621,-0.016918192,0.001792608
7/31/1967,0.004219182,-0.00483089,-0.023769598,0.004403853
8/31/1967,0.036697877,-0.002044967,0.012615033,0.002401892
9/30/1967,-0.00718246,-0.013985301,0.012635137,0.008319293
10/31/1967,0.000120904,-0.004234416,-0.007001251,0.001900881
11/30/1967,0.018466816,0.002740023,0.011141646,-0.003794138
12/31/1967,-0.014881611,0.006521551,-0.002920155,0.001272542
1/31/1968,-0.018369269,-0.001098306,-0.004686013,0.001593324
2/29/1968,0.013713134,-0.009835728,-0.008447925,0.009881133
3/31/1968,0.066820652,0.003459216,-0.015140176,-0.004911142
4/30/1968,0.02361002,-0.006919043,-0.012073075,0.005671835
5/31/1968,0.007893038,0.009688747,-0.024365891,-0.006033131
6/30/1968,-0.013524388,0.014368633,-0.034647245,0.001671567
7/31/1968,0.017080661,-0.002259276,-0.013226589,0.002249009
8/31/1968,0.008761052,-0.002963396,-0.010202753,0.008886351
9/30/1968,-0.000968742,-0.004586101,0.061665478,0.005978345
10/31/1968,0.035575904,-0.008305841,0.026037003,0.005988857
11/30/1968,-0.011811005,-0.018956784,0.004066022,0.001482637
12/31/1968,0.009542651,-0.002026376,-0.005091983,0.004459415
1/31/1969,-0.028767392,-0.005751645,0.002318941,0.006454794
2/28/1969,0.016532691,-0.003367801,-0.010515983,0.003727956
3/31/1969,0.027603497,0.002417963,0.017189198,-0.000599664
4/30/1969,0.001035445,-0.018851234,0.011655207,0.004604406
5/31/1969,-0.050980368,-0.006215472,-0.018013132,-0.003350058
6/30/1969,-0.050194356,0.002322088,-0.018321126,-0.00430292
7/31/1969,0.025910336,-0.008777337,0.00713372,0.003480461
8/31/1969,-0.008043793,-0.032270269,0.046572046,0.011587599
9/30/1969,0.043621443,0.025882605,0.036614827,-0.000963945
10/31/1969,-0.013897752,-0.01758632,-0.017023095,0.005430342
11/30/1969,0.006646838,-0.025104085,-0.012589761,0.001314602
12/31/1969,-0.047724619,0.00294143,0.015578137,-0.002647426
1/31/1970,0.025396387,0.035815595,0.024125798,-0.006429042
2/28/1970,-0.009853933,-0.011773313,0.008361012,0.007639948
3/31/1970,-0.099531401,-0.033925617,-0.008554043,0.007934464
4/30/1970,-0.06701297,-0.006206145,-0.035567164,-0.000284835
5/31/1970,-0.032251821,0.009975928,0.062235411,-0.00663119
6/30/1970,0.056177161,0.017634354,-0.015915455,-0.005640956
7/31/1970,0.028632829,-0.006428635,0.044177702,0.007982939
8/31/1970,0.029250105,0.009908971,0.007191983,0.002922833
9/30/1970,-0.018303466,-0.002901909,-0.008471925,0.00441866
10/31/1970,0.019222416,0.038798343,-0.01846604,-0.01104346
11/30/1970,0.044687053,0.005564096,0.004741328,0.004115009
12/31/1970,0.036996688,0.023409261,0.045862138,0.009756833
1/31/1971,0.007734101,-2.17E-05,-0.012749248,0.008755198
2/28/1971,0.032840785,0.0318364,0.007330625,-0.007566089
3/31/1971,0.032565292,-0.023077424,0.003112635,0.005030292
4/30/1971,-0.024875259,-0.012733159,0.033013215,0.009881362
5/31/1971,0.008057494,-0.011589052,-0.014538158,-0.0039866
6/30/1971,-0.019958569,-0.005673497,0.002176848,0.004126155
7/31/1971,0.010727391,0.028189829,-0.009174777,-0.003362115
8/31/1971,-0.01275594,0.017305804,-0.003957963,-0.00282167
9/30/1971,-0.040829637,0.010592109,0.041600752,-0.000728186
10/31/1971,0.004640674,0.002001412,0.022155318,0.009396144
11/30/1971,0.07617178,0.005570852,0.032138795,0.008283269
12/31/1971,0.025261228,-0.008442595,0.034779272,0.016178733
1/31/1972,0.033558767,0.00517507,-0.005350302,0.00316924
2/29/1972,0.000203156,-0.002916804,0.010056556,0.002208399
3/31/1972,0.012869961,0.003086865,0.025758367,0.007672623
4/30/1972,0.019131547,0.003092383,0.01975703,0.005128015
5/31/1972,-0.02146475,-0.002027286,0.022902597,-0.001514238
6/30/1972,0.013025732,0.008160901,-0.012586061,0.009233482
7/31/1972,0.027885384,-0.012971911,0.054534506,0.010758302
8/31/1972,-0.015467558,-0.002492078,0.069296106,0.010321143
9/30/1972,0.011402487,0.006792271,-0.014445595,0.009892852
10/31/1972,0.047493587,0.006679375,0.034690748,-0.002182917
11/30/1972,0.013752121,-0.005776298,0.072846699,0.012749183
12/31/1972,-0.014970042,-0.003774045,0.028706236,0.007468838
1/31/1973,-0.039003792,-0.005512761,0.038041842,0.011447901
2/28/1973,-0.00954105,-0.005839327,-0.029198749,-0.002284432
3/31/1973,-0.052370462,0.000279123,0.053190585,0.004623868
4/30/1973,-0.0152241,-0.015149662,0.162077349,0.004249082
5/31/1973,-0.009428017,-0.002682776,-0.022876288,0.011573196
6/30/1973,0.023402998,-0.024576283,0.222230573,0.0128613
7/31/1973,-0.037880068,0.003581939,0.016747466,0.005433502
8/31/1973,0.024368392,0.009955143,-0.058310704,-0.004166348
9/30/1973,0.007244931,0.008465472,-0.061467832,0.003306509
10/31/1973,-0.125989716,-0.003680907,0.044338555,-0.000624229
11/30/1973,-0.008658528,-0.009158514,0.093713126,0.009822059
12/31/1973,0.01118744,-0.017269768,0.099037243,0.009719394
1/31/1974,-0.003995217,-0.008150333,-0.010916531,0.010353853
2/28/1974,-0.053386565,-0.023305034,-0.128674255,-0.011801117
3/31/1974,-0.025830749,-0.010733435,0.003592415,0.008234734
4/30/1974,-0.041966291,0.009233268,-0.077443769,-0.010597206
5/31/1974,-0.033161049,-0.018478808,0.110654036,0.012823357
6/30/1974,-0.059960901,-0.008126651,0.206624849,0.010749422
7/31/1974,-0.095565657,-0.013402555,-0.057644305,-0.017576456
8/31/1974,-0.107225159,0.010800138,0.106816446,0.008985794
9/30/1974,0.092413135,0.000227985,0.07997814,-0.00242652
10/31/1974,-0.027784831,0.010355211,0.013035184,-0.012873788
11/30/1974,-0.029428644,0.008979675,-0.092789523,-0.00807729
12/31/1974,0.121849498,0.012376369,-0.175719621,-0.007743898
1/31/1975,0.06878789,0.005243042,-0.114370944,0.00264251
2/28/1975,0.002109727,-0.014139064,0.076308651,0.008644728
3/31/1975,0.042884875,-0.013033059,-0.052006388,0.003919205
4/30/1975,0.019851226,0.017414241,-0.019602691,-0.001706027
5/31/1975,0.017534783,0.006954823,0.011873856,-0.008139519
6/30/1975,-0.044107057,-0.00480457,0.070073369,0.013817901
7/31/1975,-0.015221465,-0.001322897,0.086517009,0.005341184
8/31/1975,-0.036795073,-0.009359742,0.005612268,0.007428892
9/30/1975,0.056543734,0.023804547,-0.089151097,-0.002121915
10/31/1975,0.029813921,-0.005670587,-0.016542974,0.004868706
11/30/1975,-0.004115879,0.020631027,-0.031596253,-0.009603423
12/31/1975,0.077140468,0.010941561,-0.053180909,0.006920589
1/31/1976,-0.010233844,-0.000177942,0.051817044,0.011308863
2/29/1976,0.005043455,0.006623085,-0.002553269,-0.001945872
3/31/1976,-0.006164265,0.003722117,0.033669877,0.002875956
4/30/1976,-0.013653708,-0.010306968,0.013933051,0.005885365
5/31/1976,0.024341321,0.007574967,-0.02186752,-0.000452154
6/30/1976,-0.011352347,0.001386,-0.097143696,-0.001343018
7/31/1976,-0.005796284,0.008574488,-0.033144386,0.000929128
8/31/1976,0.006504753,0.005905666,-0.10831867,-0.002337895
9/30/1976,-0.033069208,0.005178179,-0.016439465,0.001528537
10/31/1976,-0.002098916,0.027585524,0.009869168,-0.001811192
11/30/1976,0.060934326,0.013588183,0.045410554,-0.000981789
12/31/1976,-0.038979691,-0.012768899,-0.006750536,0.011770183
1/31/1977,-0.009840711,-0.002731679,-0.00610167,0.01517098
2/28/1977,-0.020682988,0.01271693,0.031741916,-0.001072034
3/31/1977,0.0080997,0.00069391,0.047305285,0.002522232
4/30/1977,-0.015176825,0.01316851,-0.03926403,-0.007687507
5/31/1977,0.028295239,0.011180166,-0.02873238,-0.006613118
6/30/1977,-0.014991479,-0.002506516,-0.093157437,0.004756759
7/31/1977,0.004389322,0.013256702,0.004701024,-0.000780325
8/31/1977,0.007144443,0.006826282,0.030984817,4.39E-05
9/30/1977,-0.033673406,-0.00422166,0.023013286,-0.001195928
10/31/1977,0.005345679,0.000615802,0.036473964,0.007555481
11/30/1977,-0.002490007,-0.002142203,0.044863344,0.00064652
12/31/1977,-0.03915044,-0.00773168,0.025998594,0.010665378
1/31/1978,-0.017804769,-0.005768513,0.010560683,0.005024286
2/28/1978,0.022943324,-0.001371717,0.092790232,0.007413385
3/31/1978,0.0460868,0.001326333,0.01631509,0.004841354
4/30/1978,0.008771809,-0.006264143,0.067532883,0.00346648
5/31/1978,-0.013074399,-0.006625079,-0.103659238,-0.005880886
6/30/1978,0.046510549,0.003473518,0.020746652,0.010200301
7/31/1978,0.01605237,0.007499766,0.020853364,-0.000701845
8/31/1978,0.001936647,-0.006737682,0.048429539,0.002030399
9/30/1978,-0.058558294,-0.01690026,0.002680607,0.001978558
10/31/1978,0.006447179,0.003809521,0.018171466,-0.003757812
11/30/1978,0.008016217,-0.011701952,-0.019175852,0.001686292
12/31/1978,0.027340037,0.003140043,0.061006801,0.002467897
1/31/1979,-0.028398165,-0.00602777,0.049582201,0.00473756
2/28/1979,0.034641935,0.003286556,-0.025883155,-0.003512172
3/31/1979,0.002986853,-0.018837579,0.049855028,0.002593402
4/30/1979,-0.023264452,0.00646225,-0.056648742,-0.005556873
5/31/1979,0.009239749,0.007825654,0.005839207,-0.004035625
6/30/1979,-0.003536815,-0.009379094,-0.050933424,0.004252872
7/31/1979,0.037259434,-0.020877413,0.100834893,0.011208644
8/31/1979,0.013797046,-0.003109217,0.034081277,0.000223756
9/30/1979,-0.0593216,-0.056185028,-0.042882311,0.003306111
10/31/1979,0.018335178,0.005279385,0.056944867,-0.005719434
11/30/1979,0.006270686,-0.0046792,0.005736739,-0.006181741
12/31/1979,0.045133186,-0.044037315,0.047980583,0.015825111
1/31/1980,-0.000157021,-0.07501866,-0.019645422,0.01786776
2/29/1980,-0.106604564,-0.011422697,-0.164106409,-0.024524647
3/31/1980,0.026942984,0.075696634,0.024723643,-0.017082811
4/30/1980,0.024550022,0.04122576,0.05128864,0.006108217
5/31/1980,0.03039476,0.011066339,0.048617489,-0.002045695
6/30/1980,0.036872614,-0.025931967,0.039341664,0.015055761
7/31/1980,0.006376157,-0.031689035,0.008601741,0.009832834
8/31/1980,0.01943947,-0.013795854,0.045084617,-0.005258289
9/30/1980,0.026118325,-0.020478928,0.020838043,0.003052563
10/31/1980,0.042656369,-0.014928918,-0.024811643,-0.004464859
11/30/1980,-0.04429349,0.004433445,-0.091810019,-0.012750744
12/31/1980,-0.031077869,-0.007967841,-0.07821651,-0.009016262
1/31/1981,0.004203568,-0.033121784,-0.041370207,0.014375483
2/28/1981,0.01957027,0.013522296,-0.013932609,-7.22E-05
3/31/1981,0.005592597,-0.038452673,-0.025255102,0.002039611
4/30/1981,-0.014057182,0.007151015,-0.007719232,-0.002531186
5/31/1981,-0.002951158,-0.016457536,-0.07903716,-0.010525496
6/30/1981,-0.005797339,-0.039071106,0.031566466,0.021600786
7/31/1981,-0.038927704,-0.029467634,-0.047054906,0.012869854
8/31/1981,-0.08862724,-0.018309151,-0.013988301,-0.000116292
9/30/1981,0.015839855,0.039747214,-0.008749614,-0.004100939
10/31/1981,0.036681308,0.071126396,-0.056144843,-0.028052154
11/30/1981,-0.020575099,-0.030521589,-0.066901449,-0.000669309
12/31/1981,-0.012875303,-0.003431518,0.066941004,0.007035921
1/31/1982,-0.057294223,0.009509781,-0.033707893,-0.009262869
2/28/1982,-0.026377863,-0.000958384,0.024928066,-0.009704794
3/31/1982,0.022794853,0.011396739,0.024555377,-0.002839994
4/30/1982,-0.025462115,0.002407783,-0.0074251,0.005792361
5/31/1982,-0.035603049,-0.031436139,-0.041853815,0.002058525
6/30/1982,-0.020261566,0.031343776,0.011387329,0.004357405
7/31/1982,0.070058443,0.041293189,-0.010447037,-0.009498457
8/31/1982,0.007964829,0.045977145,-0.036621935,-0.008408267
9/30/1982,0.071448307,0.045704191,-0.012111022,-0.008936484
10/31/1982,0.031760573,0.001261249,0.031920298,0.000976328
11/30/1982,0.020643854,0.029921985,-0.018411474,-0.00104261
12/31/1982,0.022623331,-0.018209833,0.000126976,0.012306741
1/31/1983,0.011964478,0.028693861,-0.017892315,0.001961513
2/28/1983,0.032254476,-0.009105887,0.058043694,0.00586258
3/31/1983,0.057274367,0.017418033,0.002963567,0.003333574
4/30/1983,-0.013811643,-0.017724834,-0.002110133,0.007733466
5/31/1983,0.030345518,-0.006849071,0.005307416,0.004273479
6/30/1983,-0.017448337,-0.029133499,0.027184902,0.021573031
7/31/1983,0.007481948,-0.006605293,0.008730944,0.004778893
8/31/1983,0.004922282,0.027144939,-0.035188779,-0.005604553
9/30/1983,-0.018331831,-0.007063115,-0.019901154,0.005774229
10/31/1983,0.021704454,0.008353114,-0.006446303,-0.004556311
11/30/1983,0.0076219,-0.000627325,0.041614318,-0.001298096
12/31/1983,0.006970592,0.008215335,0.002422799,0.000634323
1/31/1984,-0.039418144,-0.012566043,-0.00262165,0.009794572
2/29/1984,0.032312679,-0.014875108,0.039997536,0.004051173
3/31/1984,-0.000620425,-0.009414435,-0.019759828,0.003483883
4/30/1984,-0.077616782,-0.044543915,0.019989089,0.016782094
5/31/1984,0.011516555,0.006251162,-0.031002114,-0.005929848
6/30/1984,-0.028192638,0.035649817,-0.078638112,-0.017765293
7/31/1984,0.085050662,0.012863537,0.032919089,0.002994349
8/31/1984,0.002448936,0.016886784,-0.016135419,-0.003097159
9/30/1984,0.005818775,0.035111062,-0.004706484,0.001880216
10/31/1984,-0.006390851,0.011262542,-0.003586729,0.000802648
11/30/1984,0.021901381,0.001773729,-0.027253379,0.001669304
12/31/1984,0.051890846,0.019024716,0.005804148,0.001258434
1/31/1985,0.009227727,-0.033997133,-0.019626431,0.017000451
2/28/1985,0.001113784,0.015820731,0.035352519,-0.00407238
3/31/1985,-0.008702303,0.016377468,-0.040076485,-0.003346842
4/30/1985,0.043353123,0.048695179,-0.00670473,-0.008698647
5/31/1985,0.005052614,0.005756455,-0.03509132,0.002830794
6/30/1985,-0.012369907,-0.00552692,-0.029310586,0.004189034
7/31/1985,0.006673888,0.016435632,0.008846057,0.002293416
8/31/1985,-0.022727589,0.006667619,0.049164623,0.001330606
9/30/1985,0.037452582,0.008024904,0.063703083,0.00251427
10/31/1985,0.03302301,0.021952221,0.01137802,-0.002145737
11/30/1985,0.039425268,0.032677619,-0.024590713,-0.009831949
12/31/1985,-0.00425708,-0.00084109,-0.101257577,-0.004211077
1/31/1986,0.04930743,0.052816945,-0.04102053,-0.015190633
2/28/1986,0.089862764,0.053999381,-0.007944186,-0.017722379
3/31/1986,-0.00836711,0.006467448,0.049719184,0.010086539
4/30/1986,0.018631039,-0.037814359,-0.043398175,0.009216405
5/31/1986,0.00799563,0.035241597,0.031734853,-0.005570369
6/30/1986,-0.017578721,0.000288013,0.004520266,0.007162687
7/31/1986,0.077361729,0.022867865,0.077834539,0.00036661
8/31/1986,-0.040558956,-0.030619014,-0.030274944,0.013800611
9/30/1986,0.002057642,0.001942978,0.006002771,-0.006626265
10/31/1986,0.024848659,0.004830239,0.025632747,0.005943151
11/30/1986,0.006463262,0.00102578,-0.012356733,-0.001637468
12/31/1986,0.082428104,0.01090771,0.051071245,0.010014794
1/31/1987,0.021179586,0.005081176,-0.066284066,-0.003539606
2/28/1987,0.032697259,-0.000327535,0.072719014,0.008755096
3/31/1987,0.0354393,-0.01672844,0.044202013,0.004477355
4/30/1987,0.011074975,-0.012633843,0.040444883,0.007903788
5/31/1987,0.003864088,-0.006996963,0.030014964,0.000585304
6/30/1987,0.026871481,-0.024411325,0.038751893,0.012910793
7/31/1987,0.02907057,-0.012186378,-0.025679326,0.004484326
8/31/1987,-0.006969577,-0.04128858,0.002027239,0.008591023
9/30/1987,-0.223490148,0.054598624,0.004995236,-0.022917839
10/31/1987,-0.060303038,-0.000251842,-0.005216189,0.002598466
11/30/1987,-0.003991624,0.00983752,-0.033213454,-0.007824311
12/31/1987,0.049197094,0.037198461,0.021469751,-0.004224262
1/31/1988,0.052495713,0.006466652,-0.016040011,0.005187836
2/29/1988,0.001625202,-0.017406968,0.044257468,0.010349962
3/31/1988,0.012102385,-0.01145141,0.025749733,0.004745492
4/30/1988,-0.018021196,-0.014179361,0.029123712,0.005498295
5/31/1988,0.034977797,0.014484554,-0.033795129,-0.008201987
6/30/1988,0.013839491,-0.013056157,0.000461034,0.006255785
7/31/1988,-0.045954731,-0.012947421,-0.013277374,0.000366506
8/31/1988,0.031855853,0.026135076,-0.033762798,0.00190667
9/30/1988,0.015428886,0.018756106,0.0408874,4.29E-05
10/31/1988,0.008869757,-0.020543179,0.049416825,0.007796109
11/30/1988,0.01738289,-0.005375222,0.063761505,0.000875804
12/31/1988,0.051681896,0.008731422,-0.003318658,-0.00150439
1/31/1989,-0.026198946,-0.021218697,0.035450565,0.01127032
2/28/1989,0.013191057,-0.000678225,0.057631334,-0.001163029
3/31/1989,0.017614683,0.008846469,0.024395664,-0.002028554
4/30/1989,0.015755474,0.015791329,-0.02070396,-0.005839056
5/31/1989,-0.018826403,0.023370386,0.027473469,-0.003543249
6/30/1989,0.068749835,0.021934948,-0.035396841,-0.001737143
7/31/1989,0.001971485,-0.021836034,0.027262221,0.010498402
8/31/1989,0.00198419,-0.008216809,0.051580691,0.006292233
9/30/1989,-0.032935496,0.013561891,-0.013907824,-0.005299793
10/31/1989,0.029607288,-0.000550194,0.009546742,-6.01E-05
11/30/1989,0.018048677,-0.004860858,0.081226018,0.003469272
12/31/1989,-0.058098503,-0.036595654,-0.011478755,0.01346145
1/31/1990,-0.040030262,-0.016695507,-0.009386158,0.006314683
2/28/1990,-0.045659486,-0.008873058,0.000664248,-5.45E-06
3/31/1990,-0.02079621,-0.021697501,-0.017311543,0.004114081
4/30/1990,0.079884893,0.030345898,-0.014184264,-0.007778075
5/31/1990,-0.021840276,0.00686313,-0.021903354,-0.003839914
6/30/1990,-0.023408306,0.00325145,0.072422779,0.004248419
7/31/1990,-0.114510824,-0.030815138,0.147077191,0.012251557
8/31/1990,-0.127858806,-0.006201924,0.200753283,0.003250052
9/30/1990,0.055482591,0.023765552,-0.069102849,-0.012078481
10/31/1990,-0.014996451,0.027471714,-0.073846904,-0.011499677
11/30/1990,0.021672551,0.011896515,-0.025767586,-0.003041048
12/31/1990,0.015643573,0.016452846,-0.104095532,-0.006861438
1/31/1991,0.090046468,0.009416116,0.009129924,0.009029743
2/28/1991,0.012256365,-0.00153457,0.032309661,0.007409384
3/31/1991,0.000179186,0.004745859,0.017149847,0.002600617
4/30/1991,0.023463168,0.00112874,-0.005295786,0.00246974
5/31/1991,-0.055175465,-0.010509887,-0.028341084,0.001260268
6/30/1991,0.032141197,0.00991617,0.044650409,0.002816985
7/31/1991,-0.009437298,0.022440635,0.010788241,-0.002482407
8/31/1991,0.002261786,0.026162383,0.003296163,-0.006562682
9/30/1991,0.009736794,0.004544943,0.023913893,0.001091262
10/31/1991,-0.057449721,0.006700462,-0.045021252,-0.000868833
11/30/1991,0.03803745,0.042585084,-0.077130257,-0.011596459
12/31/1991,-0.008069767,-0.019049095,0.023797412,0.013370105
1/31/1992,-0.008791741,0.005181894,-0.01401747,-6.97E-06
2/29/1992,-0.040386769,-0.012867759,0.007500212,0.004106974
3/31/1992,0.010897381,0.000748345,0.026336144,0.003445117
4/30/1992,0.018731088,0.021173312,0.023556224,-0.001581705
5/31/1992,-0.053920895,0.012657221,-0.008831321,-0.004534646
6/30/1992,-0.005772197,0.025617816,-0.016865863,-0.003562897
7/31/1992,0.002817341,0.006977442,-0.001675091,-0.001530798
8/31/1992,-0.000659136,0.022666179,0.008923959,-0.002803426
9/30/1992,0.005648352,-0.005332737,-0.024597473,0.001211208
10/31/1992,0.03007045,-0.005975164,-0.015570118,0.003962291
11/30/1992,0.006898055,0.020351599,-0.000559807,-0.0025031
12/31/1992,0.000770608,0.02183421,0.009553632,-0.000981644
1/31/1993,0.015137561,0.031527355,0.009246694,-0.005229223
2/28/1993,0.039177301,0.001134306,0.017895032,0.00306534
3/31/1993,0.025412618,-0.000257895,-0.013223777,0.000856154
4/30/1993,0.014474249,-0.004754677,-0.03051754,0.000832497
5/31/1993,-0.001707851,0.029781024,-0.034643288,-0.009263688
6/30/1993,0.023170434,0.007162023,-0.011233405,0.000225689
7/31/1993,0.038251392,0.02982754,0.005474469,0.002374042
8/31/1993,-0.0205961,0.008647646,6.43E-05,-0.003177331
9/30/1993,0.035296773,0.006692518,-0.039027725,0.000876477
10/31/1993,-0.055872149,-0.011982414,-0.054239088,-0.002249997
11/30/1993,0.052306977,0.013543625,-0.021658605,-0.001502624
12/31/1993,0.050612595,0.004646718,0.075667548,0.002611844
1/31/1994,-0.03167054,-0.030993201,-0.024490231,0.009023144
2/28/1994,-0.052513821,-0.035640587,-0.015024941,0.005194146
3/31/1994,0.020676975,-0.015968622,0.02286467,0.004958077
4/30/1994,0.008793773,-0.010651144,0.011051792,0.001990314
5/31/1994,-0.03016084,-0.014379328,0.020800727,0.004443549
6/30/1994,0.020072385,0.01456497,0.013545229,-0.000853315
7/31/1994,0.02504756,-0.007070842,-0.073934195,0.001692075
8/31/1994,-0.03849494,-0.018529202,-0.013335803,0.00807902
9/30/1994,0.00975629,-0.00884326,0.00021453,-0.00145321
10/31/1994,-0.031449488,0.002547892,-0.037715515,-0.006202847
11/30/1994,0.005429139,0.002246493,0.02854965,0.001296247
12/31/1994,-0.027642167,0.01231575,-0.03034254,-0.004717246
1/31/1995,-0.001754215,0.024211046,0.003504618,-0.005337852
2/28/1995,2.35E-05,0.012339059,0.008548607,-0.000700097
3/31/1995,0.0246112,0.011388789,0.025725456,1.26E-05
4/30/1995,0.012550169,0.05254342,-0.013741606,-0.013443026
5/31/1995,-0.007136037,-0.001185293,-0.02262656,-0.000208355
6/30/1995,0.050392864,-0.0091114,0.021053111,0.005948107
7/31/1995,0.012360419,0.007164455,0.01628303,0.001511535
8/31/1995,0.020194847,0.011682422,-6.98E-05,-6.49E-05
9/30/1995,-0.014442306,0.010493065,0.0052825,-0.003390635
10/31/1995,0.034942882,0.02132872,0.022148902,-0.005376972
11/30/1995,0.024436029,0.008784512,0.093155785,0.001729849
12/31/1995,0.030541257,0.00177349,-0.006237305,-0.000197957
1/31/1996,-0.007520814,-0.03331904,0.03537059,0.011250413
2/29/1996,0.016727406,-0.008567699,0.058977935,0.000938864
3/31/1996,0.022123546,-0.015569946,0.051674083,0.011409543
4/30/1996,0.003118254,-0.00517906,-0.012279949,0.000598043
5/31/1996,0.003202295,0.008836609,0.034076193,0.002511843
6/30/1996,-0.051530982,-0.001833438,-0.053249879,-0.004794006
7/31/1996,0.011399765,-0.000683174,0.027435644,0.005593583
8/31/1996,0.046642142,0.019827072,0.030399501,0.002308752
9/30/1996,0.000657705,0.025171613,-0.00681296,-0.007401085
10/31/1996,0.05012365,0.02170761,0.075866935,-0.001526247
11/30/1996,-0.016750429,-0.021609534,0.005220924,0.002177788
12/31/1996,0.031789868,0.001355804,-0.01918376,0.006335044
1/31/1997,0.010063825,0.000856742,-0.075360352,0.000516427
2/28/1997,-0.022150465,-0.019239138,0.012286153,0.004812745
3/31/1997,0.040697175,0.010997448,0.018532916,0.000224757
4/30/1997,0.039786216,0.002196189,0.002818262,0.002507066
5/31/1997,0.043577366,0.013782823,-0.059901645,-0.002109601
6/30/1997,0.058399275,0.031322927,0.035765389,-0.002634348
7/31/1997,-0.071708495,-0.015901958,0.020819543,0.006937571
8/31/1997,0.047959848,0.018663871,0.020520485,-0.000466677
9/30/1997,-0.067733947,0.016316228,0.022852201,-0.003734919
10/31/1997,0.026364619,-0.002043305,-0.1078312,-0.00433034
11/30/1997,0.018555907,0.009054764,-0.074736607,-0.002022467
12/31/1997,0.022686499,0.014418756,-0.020504604,-0.000676025
1/31/1998,0.056221185,-0.003561124,-0.072255723,0.001168556
2/28/1998,0.04781213,0.001014286,-0.009711438,0.002278573
3/31/1998,-0.001734597,-0.000230226,-0.031844729,0.001534925
4/30/1998,-0.007384671,0.01237327,-0.052401881,-0.002064795
5/31/1998,0.02058809,0.002823677,-0.040569354,-0.004546795
6/30/1998,-0.00287037,1.45E-05,-0.086183339,-0.001660216
7/31/1998,-0.151996335,0.033432543,-0.0651162,-0.016135735
8/31/1998,-0.003603198,0.039324971,0.093367893,-0.004033431
9/30/1998,0.064439606,-0.013871675,-0.051461147,0.003579988
10/31/1998,0.065870813,-0.004239144,-0.133565671,-0.00308082
11/30/1998,0.03157261,-0.00517367,-0.02118009,0.003375066
12/31/1998,0.027351542,-0.000116849,0.000814659,0.001961282
1/31/1999,-0.018624622,-0.03540339,-0.050623891,0.037245229
2/28/1999,0.041124181,0.006190476,0.15197568,-0.001277217
3/31/1999,0.039225912,-0.000180514,0.036924597,0.00170314
4/30/1999,-0.032873393,-0.018690561,-0.059633465,0.023325841
5/31/1999,0.044123728,-0.016431427,0.058110697,0.008422165
6/30/1999,-0.023998842,-0.009671149,0.031391896,0.005357226
7/31/1999,-0.006869755,-0.004746546,0.063787193,0.005241909
8/31/1999,-0.02240006,0.004414129,0.047722783,-0.005448441
9/30/1999,0.04576338,-0.008578959,-0.056878302,0.002308178
10/31/1999,0.032063616,-0.006552589,0.035146051,0.01029862
11/30/1999,0.07243812,-0.01345258,0.036843835,0.006345801
12/31/1999,-0.053052578,-0.014543692,0.065204083,0.000283752
1/31/2000,0.008004159,0.013654456,0.056096941,-0.010398228
2/29/2000,0.055085595,0.023772072,-0.016639107,-0.004132373
3/31/2000,-0.027935214,-0.01101568,-0.013599413,0.015052539
4/30/2000,-0.027336611,7.45E-05,0.100722796,-0.004270902
5/31/2000,0.016031469,0.010418856,0.064032408,-0.010444089
6/30/2000,-0.020997666,-0.000622594,-0.08504184,-0.003048889
7/31/2000,0.035646554,0.010831155,0.138039116,-0.008931557
8/31/2000,-0.05738484,-0.003139907,-0.018671323,0.009354176
9/30/2000,-0.011275661,0.002080171,-0.003207602,-0.001156271
10/31/2000,-0.070212146,0.020124783,0.082969528,-0.013871618
11/30/2000,-0.00943988,0.017891394,-0.025621574,-0.013263004
12/31/2000,0.020083281,0.001798949,-0.05941818,0.016172068
1/31/2001,-0.085350928,0.013697744,-0.017899639,0.000539321
2/28/2001,-0.052135463,0.000461868,-0.043772069,0.009007768
3/31/2001,0.064705114,-0.025953963,0.048903938,0.025955078
4/30/2001,-0.009470831,-0.00214192,-0.032076269,0.005258766
5/31/2001,-0.028383342,0.000431404,-0.077936307,-0.013801315
6/30/2001,-0.024401394,0.021380632,-0.000756363,-0.01114755
7/31/2001,-0.067020423,0.014811153,0.00658584,-0.010432229
8/31/2001,-0.096078637,0.012715089,-0.118370096,-0.007005781
9/30/2001,0.022839544,0.028968795,-0.053790745,-0.015948464
10/31/2001,0.058968637,-0.027172681,-0.056821097,0.017236881
11/30/2001,0.009576234,-0.017094731,-0.014842294,0.008283541
12/31/2001,-0.020716182,0.002889725,-0.033116025,-0.002263922
1/31/2002,-0.010856876,0.008867549,0.041410293,0.002087723
2/28/2002,0.03845413,-0.026870653,0.125075367,0.030673933
3/31/2002,-0.047557247,0.021380687,0.009420154,-0.010675709
4/30/2002,-0.011540858,0.00419301,-0.045988471,0.00133134
5/31/2002,-0.081536819,0.019592953,0.032270132,-0.01002596
6/30/2002,-0.089445269,0.02333043,0.004221167,-0.00648373
7/31/2002,0.000288207,0.025600967,0.057360877,-0.002381354
8/31/2002,-0.118389155,0.034270236,0.043247782,-0.013288305
9/30/2002,0.069940061,-0.013559034,-0.049715584,0.001804705
10/31/2002,0.050931187,-0.01420535,-0.003227751,0.00906262
11/30/2002,-0.067170319,0.031004993,0.080800995,-0.005981682
12/31/2002,-0.037775104,-0.002152447,0.085088302,0.021127176
1/31/2003,-0.016718092,0.020088327,0.113525993,0.010162925
2/28/2003,-0.005401498,-0.004931176,-0.156592031,-0.008400663
3/31/2003,0.079464537,0.001809475,-0.064287135,-0.001737167
4/30/2003,0.041424474,0.036453656,0.090662299,-0.010235657
5/31/2003,0.02039844,-0.011184023,0.001366743,-0.002235332
6/30/2003,0.027556689,-0.04944398,0.006326279,0.031345337
7/31/2003,0.02335279,-0.005661553,0.039287796,0.005495932
8/31/2003,-0.016458647,0.031882385,-0.042539961,-0.01044931
9/30/2003,0.052038406,-0.021125855,0.020876301,0.033149236
10/31/2003,0.005759616,0.001625809,0.024539686,-0.005917044
11/30/2003,0.043349508,0.010700966,0.059755253,-0.006257751
12/31/2003,0.016308069,0.009601873,0.003170029,0.001675193
1/31/2004,0.017545001,0.016745953,0.070867761,0.006163727
2/29/2004,-0.009030883,0.008345658,0.019038084,0.00222286
3/31/2004,-0.003683165,-0.036341834,0.026426315,0.00320642
4/30/2004,0.001646855,-0.006041277,0.044433028,0.018884495
5/31/2004,0.020464035,0.003861443,-0.049289172,-0.011659375
6/30/2004,-0.030299909,0.008736798,0.07355061,-0.000269537
7/31/2004,0.000562404,0.028425259,-0.040921767,-0.009438005
8/31/2004,0.011412406,0.004363641,0.117429367,0.000568631
9/30/2004,0.010801239,0.00885281,0.039249286,0.002382503
10/31/2004,0.031438226,-0.011616466,-0.051404826,0.01598344
11/30/2004,0.031333381,0.010831575,-0.107139859,-0.000904702
12/31/2004,-0.01136775,0.008699094,0.063435969,-0.002991779
1/31/2005,0.023449402,-0.016149563,0.058434975,0.011199547
2/28/2005,-0.011468804,-0.000624653,0.070505508,0.001139874
3/31/2005,-0.024300651,0.020285761,-0.097118412,-0.006771159
4/30/2005,0.033389288,0.015681706,-0.009905047,-0.016660498
5/31/2005,0.014531899,0.007660761,0.05385218,-0.006827343
6/30/2005,0.034307849,-0.021734508,0.050931459,0.004545998
7/31/2005,-0.001848638,0.015684808,0.137853311,-0.000765342
8/31/2005,0.029281791,-0.019266675,-0.002721832,0.019026718
9/30/2005,-0.022369072,-0.014956486,-0.112165552,0.004724214
10/31/2005,0.038334912,0.00576735,-0.042510949,-0.004241542
11/30/2005,0.018291305,0.006444184,0.025028308,-0.003708252
12/31/2005,0.028733664,-0.009807895,0.038710972,0.008627803
1/31/2006,0.00049116,-0.002318588,-0.109988036,-0.002179504
2/28/2006,0.021372029,-0.021838068,0.046127749,0.002288767
3/31/2006,0.006313987,-0.016031957,0.057841566,0.011687793
4/30/2006,-0.047474932,-0.00168167,-0.012071239,-0.003916761
5/31/2006,0.001397102,-0.004148435,0.007544962,0.000386599
6/30/2006,0.001500132,0.009452093,0.015565695,-0.001603567
7/31/2006,0.021240752,0.018933207,-0.079668288,-0.006015488
8/31/2006,0.013635749,0.004943948,-0.117182678,-0.006935391
9/30/2006,0.026225734,-0.000206937,-0.030383096,-0.005503859
10/31/2006,0.007264923,0.007972423,0.049662142,-0.004569874
11/30/2006,0.022135778,-0.017708425,-0.07777797,-0.006475384
12/31/2006,0.014034077,-0.009073735,-0.02773747,0.008679752
1/31/2007,-0.015184817,0.014636377,0.038146779,-0.002181572
2/28/2007,0.011678748,-0.00659102,0.027672627,0.005874921
3/31/2007,0.031318888,-0.000656078,-0.00698155,0.000965194
4/30/2007,0.030257455,-0.01934394,-0.019785851,-0.002425692
5/31/2007,-0.013307154,-0.011255185,0.027943086,0.002499967
6/30/2007,-0.034855774,0.018868598,0.049673911,-0.001098295
7/31/2007,-0.004412977,0.014136792,-0.046495337,-0.010738545
8/31/2007,0.026188557,-0.004224636,0.094167684,0.009244696
9/30/2007,0.017984173,0.008226587,0.088105748,-0.000161498
10/31/2007,-0.046871784,0.032477193,-0.040607208,0.002174473
11/30/2007,-0.010518102,-0.004544417,0.053387501,-0.001332359
12/31/2007,-0.090107144,0.027045343,-0.002801172,0.008150557
1/31/2008,-0.018046257,0.009965154,0.104887413,0.007909643
2/29/2008,-0.022024065,0.009089298,-0.013065023,-0.005741684
3/31/2008,0.05963895,-0.022886155,0.075529613,-0.005138328
4/30/2008,0.016071342,-0.021381047,0.085702695,0.018060356
5/31/2008,-0.087101876,0.005312432,0.086531834,0.002521651
6/30/2008,-0.019862672,0.009338289,-0.131902931,-0.009620276
7/31/2008,0.010267951,0.015551399,-0.075114309,-0.006557248
8/31/2008,-0.115224631,0.002155098,-0.134186941,-0.038032339
9/30/2008,-0.179460765,-0.003324741,-0.331987402,-0.060443617
10/31/2008,-0.062554176,0.071576096,-0.16094289,-0.042698119
11/30/2008,0.010497049,0.054226368,-0.142986902,-0.026668654
12/31/2008,-0.0731152,-0.040458944,-0.093743162,0.06256074
1/31/2009,-0.09274154,-0.003994738,-0.063175969,-0.023681507
2/28/2009,0.062313253,0.024546981,0.043847916,0.026543396
3/31/2009,0.099287248,-0.025198845,-0.009373112,0.017217268
4/30/2009,0.055761201,-0.022476018,0.179382646,0.023468549
5/31/2009,-0.000474568,0.007177909,0.005539904,-0.004620323
6/30/2009,0.071403912,0.00291888,0.004270096,0.00452103
7/31/2009,0.036499407,0.011363788,-0.024091707,-0.006799003
8/31/2009,0.030114621,0.008318184,0.001615677,0.006755072
9/30/2009,-0.022812015,-0.002500122,0.056999963,0.021323622
10/31/2009,0.030741143,0.017563008,0.015076753,0.006385203
11/30/2009,0.036480141,-0.035164998,0.008554621,0.023898275
12/31/2009,-0.036415542,0.019720895,-0.08228715,-0.001873192
1/31/2010,0.020025353,0.002319842,0.054018711,-0.017240023
2/28/2010,0.064058823,-0.009193285,0.019036759,0.00737524
3/31/2010,0.003399307,0.015995679,0.027244127,0.009629012
4/30/2010,-0.077549581,0.029544435,-0.141563585,-0.03397391
5/31/2010,-0.042330332,0.026863858,0.004049335,-0.014951555
6/30/2010,0.055676542,0.00519061,0.054642825,-0.003802351
7/31/2010,-0.034154657,0.036587757,-0.056969727,-0.024122322
8/31/2010,0.067013738,-0.001089113,0.08134911,0.020789028
9/30/2010,0.027833625,-0.005062487,0.025137817,0.027277928
10/31/2010,-0.003157519,-0.015302055,0.010648756,-0.005015705
11/30/2010,0.055031541,-0.024540871,0.089735004,0.019669924
12/31/2010,0.019475692,-0.005734592,0.029927758,0.003645251
1/31/2011,0.029468097,0.00021011,0.036665167,0.005882197
2/28/2011,-0.012065404,-0.000831129,0.042500776,0.00822037
3/31/2011,0.023308292,0.016602173,0.043121922,0.008132069
4/30/2011,-0.011681239,0.019977642,-0.07140936,-0.022182869
5/31/2011,-0.015758765,-0.002728824,-0.054549933,0.016828693
6/30/2011,-0.027520101,0.032170918,0.024033172,0.001848664
7/31/2011,-0.069991067,0.040537501,-0.018666076,-0.032759311
8/31/2011,-0.062417452,0.025163873,-0.129766638,-0.022820033
9/30/2011,0.081952053,-0.013152102,0.092982033,0.028201791
10/31/2011,-0.012582274,0.004437804,0.01405604,-0.00286271
11/30/2011,0.00612118,0.020638425,-0.021310583,-0.008259366
12/31/2011,0.04278838,0.007727769,0.022056428,0.011828876
1/31/2012,0.047021483,-0.008583698,0.05880244,0.010120214
2/29/2012,0.018344036,-0.011032229,-0.023860997,0.00543278
3/31/2012,-0.014462967,0.021096662,-0.0052147,-0.005404936
4/30/2012,-0.068853157,0.034453072,-0.139087493,-0.012473964
5/31/2012,0.042181216,-0.007625526,0.011872853,0.002913129
6/30/2012,0.013409743,0.018869828,0.061702087,0.001513886
7/31/2012,0.020003412,-0.003892566,0.061616777,0.001139793
8/31/2012,0.021307473,-0.003937945,-0.014404975,0.011648847
9/30/2012,-0.004646571,-0.003399804,-0.041598663,0.009969845
10/31/2012,0.01480029,0.008945099,0.014575889,-0.004469436
11/30/2012,0.019336974,-0.007485801,-0.006570162,0.003734947
12/31/2012,0.052738857,-0.015148998,0.042589029,0.007189255
1/31/2013,0.015396211,0.012101378,-0.044913579,-0.007052942
2/28/2013,0.027182063,0.007910783,0.007590507,-0.00177165
3/31/2013,0.028365796,0.015142703,-0.048513906,-0.010105074
4/30/2013,0.015224663,-0.033889964,-0.015042389,-0.015082809
5/31/2013,-0.024260223,-0.023682589,0.002301161,-0.02134372
6/30/2013,0.046272567,-0.000598083,0.04792349,0.016662003
7/31/2013,-0.02065808,-0.012329702,0.033166035,-0.009025292
8/31/2013,0.036655936,0.014617119,-0.034524187,0.007130929
9/30/2013,0.038761569,0.009815301,-0.014576039,-0.001141944
10/31/2013,0.021708244,-0.009754522,-0.007879309,-0.003136315
11/30/2013,0.020916878,-0.018001457,0.0190272,0.005677253
12/31/2013,-0.032531715,0.031634419,-0.016541338,-0.008001794
1/31/2014,0.042103821,0.002861582,0.044048605,0.003075609
2/28/2014,0.002799828,-0.000981654,0.001354506,-0.002663316
3/31/2014,0.008113974,0.008833261,0.007360401,0.003113051
4/30/2014,0.023188658,0.01543771,-0.0017763,0.003234071
5/31/2014,0.013989097,0.001040931,0.020921766,0.003030061
6/30/2014,-0.007819252,0.002780427,-0.054452773,0.002256724
7/31/2014,0.026110348,0.020220434,-0.016554949,-0.014056735
8/31/2014,-0.009967041,-0.008457002,-0.062145732,-0.012569867
9/30/2014,0.011211131,0.014836228,-0.061716297,-0.005898698
10/31/2014,0.02868623,0.017157752,-0.115657136,-0.011920901
11/30/2014,-0.007470585,0.006447275,-0.146566045,-0.010533614
12/31/2014,-0.005089913,0.040227007,-0.077947355,-0.005860484
1/31/2015,0.058059461,-0.022313387,0.062634161,0.009458056
2/28/2015,-0.003267395,0.007136972,-0.070499562,-0.013608992
3/31/2015,0.01120077,-0.008083827,0.104859289,0.01500514
4/30/2015,0.013536293,-0.005125847,-0.020085057,-0.010101112
5/31/2015,-0.029501897,-0.016729802,-0.001133673,0.004845208
6/30/2015,0.024786547,0.015607373,-0.15203042,-0.008667519
7/31/2015,-0.06861627,-0.00086331,0.002917747,-0.007538873
8/31/2015,-0.036051598,0.015357328,-0.065401502,-0.01729216
9/30/2015,0.075779514,-0.004341562,0.00228499,0.00798811
10/31/2015,0.006588569,-0.001941366,-0.094040702,0.000946528
11/30/2015,-0.021667965,-0.001875489,-0.090470682,-0.004499742
12/31/2015,-0.055365916,0.030531279,-0.053288489,-0.010550205
1/31/2016,-0.014818033,0.018958204,-0.020588602,-0.00173004
2/29/2016,0.05206172,-0.003304561,0.047855164,0.013814823
3/31/2016,0.009303074,-0.00570882,0.096389314,0.00416407
4/30/2016,0.018181421,0.004779573,0.021697151,-0.01186927
5/31/2016,-0.013177093,0.03304828,0.000561804,-0.008706862
6/30/2016,0.040213229,0.002878551,-0.100809628,0.008002254
7/31/2016,0.004211254,-0.008449946,0.017257747,-0.000292747
8/31/2016,0.001773183,-0.000293172,0.040338461,0.008234441
9/30/2016,-0.006943143,-0.020701666,-0.015367865,0.010499019
10/31/2016,0.026003771,-0.03519405,0.024663775,0.017470939
11/30/2016,0.027259745,-0.000593596,0.045648204,0.00133571
12/31/2016,0.012805518,-0.004640213,-0.014692501,0.007239124
1/31/2017,0.030911571,0.010113404,0.001908219,-0.001698496
2/28/2017,0.010276412,0.000700562,-0.040551223,-0.001736676
3/31/2017,0.011682223,0.009634338,-0.021916153,-0.004147305
4/30/2017,0.015136022,0.006282838,-0.016298918,-0.010888088
5/31/2017,-0.000246962,-0.008769559,-0.020229224,-0.006757704
6/30/2017,0.013544512,-0.000142594,0.043905833,0.004647192
7/31/2017,0.000858449,0.015563454,-0.008686422,-0.005774486
8/31/2017,0.022145974,-0.016402898,0.03184363,0.004943273
9/30/2017,0.024192682,8.06E-05,0.036508896,0.005260525
10/31/2017,0.014896034,-0.000169569,0.012708784,0.001771345
11/30/2017,0.010102746,0.00037639,0.04210669,0.00689552
12/31/2017,0.036168856,-0.021746145,0.03230567,0.012647182
1/31/2018,-0.03638091,-0.006079964,-0.035171198,0.0009881
2/28/2018,-0.023652357,0.010722968,0.020601653,-0.003164479
3/31/2018,0.018721463,-0.013603909,0.047576469,0.01025432
4/30/2018,0.012157233,0.009202353,0.012758577,-0.009606364
5/31/2018,0.001988455,0.000545601,0.011925399,0.003867979
6/30/2018,0.02949052,-0.007327651,-0.03768975,0.00113884
7/31/2018,0.011870987,0.005622649,0.008967283,-0.004150891
8/31/2018,0.005651082,-0.014073271,0.036887112,0.003612225
9/30/2018,-0.07216579,-0.00346197,-0.062271544,-0.007207624
10/31/2018,0.009896076,0.011371525,-0.121654661,-0.006088427
11/30/2018,-0.083408099,0.019700309,-0.08275022,-0.019904577
12/31/2018,0.068368946,0.005137006,0.083995798,0.00865953
1/31/2019,0.031654165,-0.005579923,0.035559631,0.006812089
2/28/2019,0.014962977,0.023727976,0.014019301,-0.008112451
3/31/2019,0.035798751,-0.00805787,0.025966665,0.00674691
4/30/2019,-0.059516083,0.026204487,-0.087747657,-0.014524364
5/31/2019,0.055598327,0.009536194,0.041620288,-0.001834798
6/30/2019,0.010153334,0.002614962,-0.004068443,0.004123139
7/31/2019,-0.021155967,0.035457643,-0.059519725,-0.018500762
8/31/2019,0.02165747,-0.013805191,0.01567746,-0.00079921
9/30/2019,0.017081367,-0.006140854,0.010911304,0.000181107
10/31/2019,0.030023858,-0.006508618,-0.00137814,0.005513594
11/30/2019,0.021469383,-0.013333295,0.06617202,0.013825745
12/31/2019,-0.003367026,0.03097487,-0.115890378,-0.008297074
1/31/2020,-0.084781485,0.025767856,-0.088824305,-0.017554322
2/29/2020,-0.137363051,0.02253412,-0.348990241,-0.041974654
3/31/2020,0.100504841,0.007629783,-0.101845157,0.015117009
4/30/2020,0.046710201,-0.001405866,0.151531473,0.000535635
5/31/2020,0.023673227,-0.000283138,0.049513609,0.005716809
6/30/2020,0.033510362,0.009353075,0.037146981,0.014214271
7/31/2020,0.060975551,-0.014172789,0.044742611,0.022951194
8/31/2020,-0.029185944,0.005006435,-0.037161254,-0.009974342
9/30/2020,-0.030930059,-0.009982386,-0.036484033,0.007640537
10/31/2020,0.113229253,0.001745536,0.113611621,0.00649237
11/30/2020,0.034665723,-0.003219616,0.057919416,0.016847788
12/31/2020,-0.007452904,-0.010910941,0.048188345,0.012363458
1/31/2021,0.026708101,-0.028860704,0.100554977,-0.000357635
2/28/2021,0.041984064,-0.016715844,-0.021805445,0.021132808
3/31/2021,0.040248339,0.006467132,0.079077568,0.006067104
4/30/2021,0.010836772,0.004950386,0.024891036,0.005095848
5/31/2021,0.023342683,0.009187557,0.042006857,-0.002639328
6/30/2021,0.017050194,0.020696272,0.015578013,0.013347488
7/31/2021,0.02642413,-0.00498698,-0.023335654,-0.00030132
8/31/2021,-0.037373354,-0.015731059,0.058548404,0.008895284
9/30/2021,0.053541877,-0.006334287,0.056314129,0.023253095
10/31/2021,-0.014637436,0.012826208,-0.114597258,-0.006100644
11/30/2021,0.039327578,-0.004361545,0.0731214,0.012442021
12/31/2021,-0.050266368,-0.02158442,0.109935626,0.001373521
1/31/2022,-0.026408329,-0.003951185,0.083837085,0.021037274
2/28/2022,0.031161295,-0.037745432,0.091595844,0.016779124
3/31/2022,-0.071064157,-0.038735858,0.049313882,0.016087834
4/30/2022,-0.002250066,0.002872079,0.048588085,-0.008463814
5/31/2022,-0.081510777,-0.011118179,-0.080731399,-0.031250374
6/30/2022,0.075452491,0.029891983,-0.002149655,0.027221883
7/31/2022,-0.036823319,-0.042439751,-0.02955818,-0.001860774
8/31/2022,-0.088807683,-0.048806442,-0.083812839,-0.038045004
9/30/2022,0.066319129,-0.011500041,0.061768025,0.037699153
10/31/2022,0.051845179,0.024584612,-0.020682061,-0.009405555
11/30/2022,-0.055328557,-0.021345389,-0.017487987,-0.008797142
12/31/2022,0.059797661,0.020454821,-0.004907783,-0.006666827
1/31/2023,-0.018848689,-0.029306294,-0.042653413,0.011223523
2/28/2023,0.021597564,0.030156577,-0.014891739,0.002454593
3/31/2023,0.012787988,-0.001871407,-0.011478983,-0.009253336
4/30/2023,-0.005431205,-0.015965436,-0.067773215,-0.001926883
5/31/2023,0.051156024,-0.014044346,0.03861943,0.009680191
6/30/2023,0.024505474,-0.012992397,0.097444539,0.007578635
7/31/2023,-0.021942207,-0.00911952,0.001360006,-0.009754268
8/31/2023,-0.041987253,-0.033754427,0.036024044,0.00822202
9/30/2023,-0.031007214,-0.020101233,-0.047527748,0.007438046
10/31/2023,0.075535873,0.037188327,-0.041572536,-0.014906742
11/30/2023,0.036662862,0.034877763,-0.037921563,-0.008557933
12/31/2023,0.01377469,-0.011929419,0.038871028,0.003564937
1/31/2024,0.041415285,-0.02040359,0.004441398,0.005172441
2/29/2024,0.029882521,0.003503651,0.042109983,0.004518834
3/31/2024,-0.036470492,-0.03436343,0.006689958,0.009886841
4/30/2024,0.036219068,0.004636997,-0.023751837,0.000475103
5/31/2024,0.01879799,0.009015554,0.010060092,-0.00640431
6/30/2024,0.008115793,0.015667406,-0.040679786,-0.011348973
7/31/2024,0.014281388,0.010715832,-0.021635929,-0.008222995
8/31/2024,0.010828726,0.006932317,-0.004976692,0.001203553
9/30/2024,-0.0129785,-0.032267303,0.000626178,0.009953251
10/31/2024,0.044107472,0.006897413,-0.002982549,-0.005210144
11/30/2024,-0.022708593,-0.025743658,0.028407648,0.001958136
12/31/2024,0.030813713,-0.001480155,0.028976613,0.012690767
1/31/2025,-0.012458052,0.017165668,-0.01683244,-0.008060223
2/28/2025,-0.054000478,-0.007435314,0.024994148,0.002882544
3/31/2025,-0.006576983,0.01008512,-0.09165435,-0.008836719
4/30/2025,0.054771425,-0.016440941,0.012214191,0.006294384
5/31/2025,0.03368747,0.010279121,0.040156152,-0.00101944
6/30/2025,0.016556608,-0.01048231,0.031845154,0.006862775
7/31/2025,0.016928586,0.004530217,-0.005407754,0.003196501
8/31/2025,0.028488836,0.004007651,0.002928202,-0.003160551
9/30/2025,0.022110794,0.005541416,0.010100145,-0.00478739
10/31/2025,-0.000504143,0.001595051,-0.003706921,-0.008037259
11/30/2025,0.002446693,-0.012722779,-0.00637345,-0.000486347
12/31/2025,0.014271286,-0.005789579,0.090769809,0.009303286
1/31/2026,0.007206807,0.020959908,0.020674405,-0.012115178
2/28/2026,-0.060466413,-0.028523074,0.216167348,0.003883116
3/31/2026,0.082741444,-0.007121867,0.059197975,0.017771038
4/30/2026,-0.002765635,0.001509081,0.012126139,0.009522334
5/31/2026,0.002832087,-0.00019666,0.004484326,-0.000245307
